,"Region, subregion, country or area*",Notes,Location code,ISO3 Alpha-code,Code,Name,parent location code,Code,Code,Name,Code,Name,Code,Name,Code,Name,"More developed regions
901More developed regions
901More developed regions
901More developed regions
901More developed regions
901More developed regions
901More developed regions
901More developed regions
901More developed regions
901More developed regions
901More developed regions
901More developed regions
901More developed regions
901More developed regions
901More developed regions
901More developed regions
901More developed regions
901More developed regions
901","Less developed regions
902Less developed regions
902Less developed regions
902Less developed regions
902Less developed regions
902Less developed regions
902Less developed regions
902Less developed regions
902Less developed regions
902Less developed regions
902Less developed regions
902Less developed regions
902Less developed regions
902Less developed regions
902Less developed regions
902Less developed regions
902Less developed regions
902Less developed regions
902","Least developed countries
941Least developed countries
941Least developed countries
941Least developed countries
941Least developed countries
941Least developed countries
941Least developed countries
941Least developed countries
941Least developed countries
941Least developed countries
941Least developed countries
941Least developed countries
941Least developed countries
941Least developed countries
941Least developed countries
941Least developed countries
941Least developed countries
941Least developed countries
941","Less developed regions, excluding least developed countries
934Less developed regions, excluding least developed countries
934Less developed regions, excluding least developed countries
934Less developed regions, excluding least developed countries
934Less developed regions, excluding least developed countries
934Less developed regions, excluding least developed countries
934Less developed regions, excluding least developed countries
934Less developed regions, excluding least developed countries
934Less developed regions, excluding least developed countries
934Less developed regions, excluding least developed countries
934Less developed regions, excluding least developed countries
934Less developed regions, excluding least developed countries
934Less developed regions, excluding least developed countries
934Less developed regions, excluding least developed countries
934Less developed regions, excluding least developed countries
934Less developed regions, excluding least developed countries
934Less developed regions, excluding least developed countries
934Less developed regions, excluding least developed countries
934","Less developed regions, excluding China
948Less developed regions, excluding China
948Less developed regions, excluding China
948Less developed regions, excluding China
948Less developed regions, excluding China
948Less developed regions, excluding China
948Less developed regions, excluding China
948Less developed regions, excluding China
948Less developed regions, excluding China
948Less developed regions, excluding China
948Less developed regions, excluding China
948Less developed regions, excluding China
948Less developed regions, excluding China
948Less developed regions, excluding China
948Less developed regions, excluding China
948Less developed regions, excluding China
948Less developed regions, excluding China
948Less developed regions, excluding China
948","Land-Locked Developing Countries (LLDC)
1636Land-Locked Developing Countries (LLDC)
1636Land-Locked Developing Countries (LLDC)
1636Land-Locked Developing Countries (LLDC)
1636Land-Locked Developing Countries (LLDC)
1636Land-Locked Developing Countries (LLDC)
1636Land-Locked Developing Countries (LLDC)
1636Land-Locked Developing Countries (LLDC)
1636Land-Locked Developing Countries (LLDC)
1636Land-Locked Developing Countries (LLDC)
1636Land-Locked Developing Countries (LLDC)
1636Land-Locked Developing Countries (LLDC)
1636Land-Locked Developing Countries (LLDC)
1636Land-Locked Developing Countries (LLDC)
1636Land-Locked Developing Countries (LLDC)
1636Land-Locked Developing Countries (LLDC)
1636Land-Locked Developing Countries (LLDC)
1636Land-Locked Developing Countries (LLDC)
1636","Small Island Developing States (SIDS)
1637Small Island Developing States (SIDS)
1637Small Island Developing States (SIDS)
1637Small Island Developing States (SIDS)
1637Small Island Developing States (SIDS)
1637Small Island Developing States (SIDS)
1637Small Island Developing States (SIDS)
1637Small Island Developing States (SIDS)
1637Small Island Developing States (SIDS)
1637Small Island Developing States (SIDS)
1637Small Island Developing States (SIDS)
1637Small Island Developing States (SIDS)
1637Small Island Developing States (SIDS)
1637Small Island Developing States (SIDS)
1637Small Island Developing States (SIDS)
1637Small Island Developing States (SIDS)
1637Small Island Developing States (SIDS)
1637Small Island Developing States (SIDS)
1637","High-income Countries
1503High-income Countries
1503High-income Countries
1503High-income Countries
1503High-income Countries
1503High-income Countries
1503High-income Countries
1503High-income Countries
1503High-income Countries
1503High-income Countries
1503High-income Countries
1503High-income Countries
1503High-income Countries
1503High-income Countries
1503High-income Countries
1503High-income Countries
1503High-income Countries
1503High-income Countries
1503","Middle-income Countries
1517Middle-income Countries
1517Middle-income Countries
1517Middle-income Countries
1517Middle-income Countries
1517Middle-income Countries
1517Middle-income Countries
1517Middle-income Countries
1517Middle-income Countries
1517Middle-income Countries
1517Middle-income Countries
1517Middle-income Countries
1517Middle-income Countries
1517Middle-income Countries
1517Middle-income Countries
1517Middle-income Countries
1517Middle-income Countries
1517Middle-income Countries
1517","Upper-middle-income Countries
1502Upper-middle-income Countries
1502Upper-middle-income Countries
1502Upper-middle-income Countries
1502Upper-middle-income Countries
1502Upper-middle-income Countries
1502Upper-middle-income Countries
1502Upper-middle-income Countries
1502Upper-middle-income Countries
1502Upper-middle-income Countries
1502Upper-middle-income Countries
1502Upper-middle-income Countries
1502Upper-middle-income Countries
1502Upper-middle-income Countries
1502Upper-middle-income Countries
1502Upper-middle-income Countries
1502Upper-middle-income Countries
1502Upper-middle-income Countries
1502","Lower-middle-income Countries
1501Lower-middle-income Countries
1501Lower-middle-income Countries
1501Lower-middle-income Countries
1501Lower-middle-income Countries
1501Lower-middle-income Countries
1501Lower-middle-income Countries
1501Lower-middle-income Countries
1501Lower-middle-income Countries
1501Lower-middle-income Countries
1501Lower-middle-income Countries
1501Lower-middle-income Countries
1501Lower-middle-income Countries
1501Lower-middle-income Countries
1501Lower-middle-income Countries
1501Lower-middle-income Countries
1501Lower-middle-income Countries
1501Lower-middle-income Countries
1501","Low-income Countries
1500Low-income Countries
1500Low-income Countries
1500Low-income Countries
1500Low-income Countries
1500Low-income Countries
1500Low-income Countries
1500Low-income Countries
1500Low-income Countries
1500Low-income Countries
1500Low-income Countries
1500Low-income Countries
1500Low-income Countries
1500Low-income Countries
1500Low-income Countries
1500Low-income Countries
1500Low-income Countries
1500Low-income Countries
1500","No income group available
1518No income group available
1518No income group available
1518No income group available
1518No income group available
1518No income group available
1518No income group available
1518No income group available
1518No income group available
1518No income group available
1518No income group available
1518No income group available
1518No income group available
1518No income group available
1518No income group available
1518No income group available
1518No income group available
1518No income group available
1518"
,WORLD,,900,,,,,,,,,,,,,,,,,,,,,,,,,,
,  Sub-Saharan Africa,,947,,12,SDG region,1828,,,,,,,,,,,,,,,,,,,,,,
,  Northern Africa and Western Asia,,1833,,12,SDG region,1828,,,,,,,,,,,,,,,,,,,,,,
,  Central and Southern Asia,,921,,12,SDG region,1828,,,,,,,,,,,,,,,,,,,,,,
,  Eastern and South-Eastern Asia,,1832,,12,SDG region,1828,,,,,,,,,,,,,,,,,,,,,,
,  Latin America and the Caribbean,,1830,   ,12,SDG region,1828,,,,,,,,,,,,,,,,,,,,,,
,  Oceania (excluding Australia and New Zealand),,1835,,12,SDG region,1828,,,,,,,,,,,,,,,,,,,,,,
,  Australia and New Zealand,,927,   ,12,SDG region,1828,,,,,,,,,,,,,,,,,,,,,,
,  Europe and Northern America,,1829,,12,SDG region,1828,,,,,,,,,,,,,,,,,,,,,,
,  Developed regions,b,901,,5,Development group,1803,,,,,,,,,,,,,,,,,,,,,,
,  Less developed regions,c,902,,5,Development group,1803,,,,,,,,,,,,,,,,,,,,,,
," Less developed regions, excluding least developed countries",e,934,,5,Development group,902,,,,,,,,,,,,,,,,,,,,,,
," Less developed regions, excluding China",,948,,5,Development group,1803,,,,,,,,,,,,,,,,,,,,,,
,  Least developed countries,d,941,,5,Development group,902,,,,,,,,,,,,,,,,,,,,,,
,  Land-locked Developing Countries (LLDC),f,1636,,5,Development group,1803,,,,,,,,,,,,,,,,,,,,,,
,  Small island developing States (SIDS),g,1637,,5,Development group,1803,,,,,,,,,,,,,,,,,,,,,,
,  High-income countries,h,1503,,13,Income group,1802,,,,,,,,,,,,,,,,,,,,,,
,  Middle-income countries,h,1517,,13,Income group,1802,,,,,,,,,,,,,,,,,,,,,,
, Upper-middle-income countries,h,1502,,13,Income group,1517,,,,,,,,,,,,,,,,,,,,,,
, Lower-middle-income countries,h,1501,,13,Income group,1517,,,,,,,,,,,,,,,,,,,,,,
,  Low-income countries,h,1500,,13,Income group,1802,,,,,,,,,,,,,,,,,,,,,,
, AFRICA,j,903,,2,Geographic region,1840,,,,,,,,,,,,,,,,,,,,,,
,  Eastern Africa,,910,,3,Subregion,947,,,,,,,,,,,,,,,,,,,,,,
,   Burundi,,108,BDI,4,Country/Area,910,900,910,Eastern Africa,,,"947,0",Sub-Saharan Africa,903,Africa,,902,941,,948,1636,,,,,,1500,
,   Comoros,,174,COM,4,Country/Area,910,900,910,Eastern Africa,,,"947,0",Sub-Saharan Africa,903,Africa,,902,941,,948,,1637,,1517,,1501,,
,   Djibouti,,262,DJI,4,Country/Area,910,900,910,Eastern Africa,,,"947,0",Sub-Saharan Africa,903,Africa,,902,941,,948,,,,1517,,1501,,
,   Eritrea,,232,ERI,4,Country/Area,910,900,910,Eastern Africa,,,"947,0",Sub-Saharan Africa,903,Africa,,902,941,,948,,,,,,,1500,
,   Ethiopia,,231,ETH,4,Country/Area,910,900,910,Eastern Africa,,,"947,0",Sub-Saharan Africa,903,Africa,,902,941,,948,1636,,,,,,1500,
,   Kenya,,404,KEN,4,Country/Area,910,900,910,Eastern Africa,,,"947,0",Sub-Saharan Africa,903,Africa,,902,,934,948,,,,1517,,1501,,
,   Madagascar,,450,MDG,4,Country/Area,910,900,910,Eastern Africa,,,"947,0",Sub-Saharan Africa,903,Africa,,902,941,,948,,,,,,,1500,
,   Malawi,,454,MWI,4,Country/Area,910,900,910,Eastern Africa,,,"947,0",Sub-Saharan Africa,903,Africa,,902,941,,948,1636,,,,,,1500,
,   Mauritius*,1,480,MUS,4,Country/Area,910,900,910,Eastern Africa,,,"947,0",Sub-Saharan Africa,903,Africa,,902,,934,948,,1637,1503,,,,,
,   Mayotte*,2,175,MYT,4,Country/Area,910,900,910,Eastern Africa,,,"947,0",Sub-Saharan Africa,903,Africa,,902,,934,948,,,,,,,,1518
,   Mozambique,,508,MOZ,4,Country/Area,910,900,910,Eastern Africa,,,"947,0",Sub-Saharan Africa,903,Africa,,902,941,,948,,,,,,,1500,
,   Réunion*,2,638,REU,4,Country/Area,910,900,910,Eastern Africa,,,"947,0",Sub-Saharan Africa,903,Africa,,902,,934,948,,,,,,,,1518
,   Rwanda,,646,RWA,4,Country/Area,910,900,910,Eastern Africa,,,"947,0",Sub-Saharan Africa,903,Africa,,902,941,,948,1636,,,,,,1500,
,   Seychelles,,690,SYC,4,Country/Area,910,900,910,Eastern Africa,,,"947,0",Sub-Saharan Africa,903,Africa,,902,,934,948,,1637,1503,,,,,
,   Somalia,,706,SOM,4,Country/Area,910,900,910,Eastern Africa,,,"947,0",Sub-Saharan Africa,903,Africa,,902,941,,948,,,,,,,1500,
,   South Sudan,,728,SSD,4,Country/Area,910,900,910,Eastern Africa,,,"947,0",Sub-Saharan Africa,903,Africa,,902,941,,948,1636,,,,,,1500,
,   Uganda,,800,UGA,4,Country/Area,910,900,910,Eastern Africa,,,"947,0",Sub-Saharan Africa,903,Africa,,902,941,,948,1636,,,,,,1500,
,   United Republic of Tanzania*,3,834,TZA,4,Country/Area,910,900,910,Eastern Africa,,,"947,0",Sub-Saharan Africa,903,Africa,,902,941,,948,,,,1517,,1501,,
,   Zambia,,894,ZMB,4,Country/Area,910,900,910,Eastern Africa,,,"947,0",Sub-Saharan Africa,903,Africa,,902,941,,948,1636,,,1517,,1501,,
,   Zimbabwe,,716,ZWE,4,Country/Area,910,900,910,Eastern Africa,,,"947,0",Sub-Saharan Africa,903,Africa,,902,,934,948,1636,,,1517,,1501,,
,  Middle Africa,,911,   ,3,Subregion,947,,,,,,,,,,,,,,,,,,,,,,
,   Angola,,24,AGO,4,Country/Area,911,900,911,Middle Africa,,,"947,0",Sub-Saharan Africa,903,Africa,,902,941,,948,,,,1517,,1501,,
,   Cameroon,,120,CMR,4,Country/Area,911,900,911,Middle Africa,,,"947,0",Sub-Saharan Africa,903,Africa,,902,,934,948,,,,1517,,1501,,
,   Central African Republic,,140,CAF,4,Country/Area,911,900,911,Middle Africa,,,"947,0",Sub-Saharan Africa,903,Africa,,902,941,,948,1636,,,,,,1500,
,   Chad,,148,TCD,4,Country/Area,911,900,911,Middle Africa,,,"947,0",Sub-Saharan Africa,903,Africa,,902,941,,948,1636,,,,,,1500,
,   Congo,,178,COG,4,Country/Area,911,900,911,Middle Africa,,,"947,0",Sub-Saharan Africa,903,Africa,,902,,934,948,,,,1517,,1501,,
,   Democratic Republic of the Congo,,180,COD,4,Country/Area,911,900,911,Middle Africa,,,"947,0",Sub-Saharan Africa,903,Africa,,902,941,,948,,,,,,,1500,
,   Equatorial Guinea,,226,GNQ,4,Country/Area,911,900,911,Middle Africa,,,"947,0",Sub-Saharan Africa,903,Africa,,902,,934,948,,,,1517,1502,,,
,   Gabon,,266,GAB,4,Country/Area,911,900,911,Middle Africa,,,"947,0",Sub-Saharan Africa,903,Africa,,902,,934,948,,,,1517,1502,,,
,   Sao Tome and Principe,,678,STP,4,Country/Area,911,900,911,Middle Africa,,,"947,0",Sub-Saharan Africa,903,Africa,,902,941,,948,,1637,,1517,,1501,,
,  Northern Africa,,912,   ,3,Subregion,1833,,,,,,,,,,,,,,,,,,,,,,
,   Algeria,,12,DZA,4,Country/Area,912,900,912,Northern Africa,,,"1833,0",Northern Africa and Western Asia,903,Africa,,902,,934,948,,,,1517,,1501,,
,   Egypt,,818,EGY,4,Country/Area,912,900,912,Northern Africa,,,"1833,0",Northern Africa and Western Asia,903,Africa,,902,,934,948,,,,1517,,1501,,
,   Libya,,434,LBY,4,Country/Area,912,900,912,Northern Africa,,,"1833,0",Northern Africa and Western Asia,903,Africa,,902,,934,948,,,,1517,1502,,,
,   Morocco,,504,MAR,4,Country/Area,912,900,912,Northern Africa,,,"1833,0",Northern Africa and Western Asia,903,Africa,,902,,934,948,,,,1517,,1501,,
,   Sudan,,729,SDN,4,Country/Area,912,900,912,Northern Africa,,,"1833,0",Northern Africa and Western Asia,903,Africa,,902,941,,948,,,,,,,1500,
,   Tunisia,,788,TUN,4,Country/Area,912,900,912,Northern Africa,,,"1833,0",Northern Africa and Western Asia,903,Africa,,902,,934,948,,,,1517,,1501,,
,   Western Sahara,,732,ESH,4,Country/Area,912,900,912,Northern Africa,,,"1833,0",Northern Africa and Western Asia,903,Africa,,902,,934,948,,,,,,,,1518
,  Southern Africa,,913,   ,3,Subregion,947,,,,,,,,,,,,,,,,,,,,,,
,   Botswana,,72,BWA,4,Country/Area,913,900,913,Southern Africa,,,"947,0",Sub-Saharan Africa,903,Africa,,902,,934,948,1636,,,1517,1502,,,
,   Eswatini,,748,SWZ,4,Country/Area,913,900,913,Southern Africa,,,"947,0",Sub-Saharan Africa,903,Africa,,902,,934,948,1636,,,1517,,1501,,
,   Lesotho,,426,LSO,4,Country/Area,913,900,913,Southern Africa,,,"947,0",Sub-Saharan Africa,903,Africa,,902,941,,948,1636,,,1517,,1501,,
,   Namibia,,516,NAM,4,Country/Area,913,900,913,Southern Africa,,,"947,0",Sub-Saharan Africa,903,Africa,,902,,934,948,,,,1517,1502,,,
,   South Africa,,710,ZAF,4,Country/Area,913,900,913,Southern Africa,,,"947,0",Sub-Saharan Africa,903,Africa,,902,,934,948,,,,1517,1502,,,
,  Western Africa,,914,   ,3,Subregion,947,,,,,,,,,,,,,,,,,,,,,,
,   Benin,,204,BEN,4,Country/Area,914,900,914,Western Africa,,,"947,0",Sub-Saharan Africa,903,Africa,,902,941,,948,,,,1517,,1501,,
,   Burkina Faso,,854,BFA,4,Country/Area,914,900,914,Western Africa,,,"947,0",Sub-Saharan Africa,903,Africa,,902,941,,948,1636,,,,,,1500,
,   Cabo Verde,,132,CPV,4,Country/Area,914,900,914,Western Africa,,,"947,0",Sub-Saharan Africa,903,Africa,,902,,934,948,,1637,,1517,,1501,,
,   Côte d'Ivoire,,384,CIV,4,Country/Area,914,900,914,Western Africa,,,"947,0",Sub-Saharan Africa,903,Africa,,902,,934,948,,,,1517,,1501,,
,   Gambia,,270,GMB,4,Country/Area,914,900,914,Western Africa,,,"947,0",Sub-Saharan Africa,903,Africa,,902,941,,948,,,,,,,1500,
,   Ghana,,288,GHA,4,Country/Area,914,900,914,Western Africa,,,"947,0",Sub-Saharan Africa,903,Africa,,902,,934,948,,,,1517,,1501,,
,   Guinea,,324,GIN,4,Country/Area,914,900,914,Western Africa,,,"947,0",Sub-Saharan Africa,903,Africa,,902,941,,948,,,,,,,1500,
,   Guinea-Bissau,,624,GNB,4,Country/Area,914,900,914,Western Africa,,,"947,0",Sub-Saharan Africa,903,Africa,,902,941,,948,,1637,,,,,1500,
,   Liberia,,430,LBR,4,Country/Area,914,900,914,Western Africa,,,"947,0",Sub-Saharan Africa,903,Africa,,902,941,,948,,,,,,,1500,
,   Mali,,466,MLI,4,Country/Area,914,900,914,Western Africa,,,"947,0",Sub-Saharan Africa,903,Africa,,902,941,,948,1636,,,,,,1500,
,   Mauritania,,478,MRT,4,Country/Area,914,900,914,Western Africa,,,"947,0",Sub-Saharan Africa,903,Africa,,902,941,,948,,,,1517,,1501,,
,   Niger,,562,NER,4,Country/Area,914,900,914,Western Africa,,,"947,0",Sub-Saharan Africa,903,Africa,,902,941,,948,1636,,,,,,1500,
,   Nigeria,,566,NGA,4,Country/Area,914,900,914,Western Africa,,,"947,0",Sub-Saharan Africa,903,Africa,,902,,934,948,,,,1517,,1501,,
,   Saint Helena*,4,654,SHN,4,Country/Area,914,900,914,Western Africa,,,"947,0",Sub-Saharan Africa,903,Africa,,902,,934,948,,,,,,,,1518
,   Senegal,,686,SEN,4,Country/Area,914,900,914,Western Africa,,,"947,0",Sub-Saharan Africa,903,Africa,,902,941,,948,,,,1517,,1501,,
,   Sierra Leone,,694,SLE,4,Country/Area,914,900,914,Western Africa,,,"947,0",Sub-Saharan Africa,903,Africa,,902,941,,948,,,,,,,1500,
,   Togo,,768,TGO,4,Country/Area,914,900,914,Western Africa,,,"947,0",Sub-Saharan Africa,903,Africa,,902,941,,948,,,,,,,1500,
, ASIA,k,935,,2,Geographic region,1840,,,,,,,,,,,,,,,,,,,,,,
,  Central Asia,,5500,   ,3,Subregion,921,,,,,,,,,,,,,,,,,,,,,,
,   Kazakhstan,,398,KAZ,4,Country/Area,5500,900,5500,Central Asia,,,"921,0",Central and Southern Asia,935,Asia,,902,,934,948,1636,,,1517,1502,,,
,   Kyrgyzstan,,417,KGZ,4,Country/Area,5500,900,5500,Central Asia,,,"921,0",Central and Southern Asia,935,Asia,,902,,934,948,1636,,,1517,,1501,,
,   Tajikistan,,762,TJK,4,Country/Area,5500,900,5500,Central Asia,,,"921,0",Central and Southern Asia,935,Asia,,902,,934,948,1636,,,,,,1500,
,   Turkmenistan,,795,TKM,4,Country/Area,5500,900,5500,Central Asia,,,"921,0",Central and Southern Asia,935,Asia,,902,,934,948,1636,,,1517,1502,,,
,   Uzbekistan,,860,UZB,4,Country/Area,5500,900,5500,Central Asia,,,"921,0",Central and Southern Asia,935,Asia,,902,,934,948,1636,,,1517,,1501,,
,  Eastern Asia,,906,   ,3,Subregion,1832,,,,,,,,,,,,,,,,,,,,,,
,   China*,9,156,CHN,4,Country/Area,906,900,906,Eastern Asia,,,"1832,0",Eastern and South-Eastern Asia,935,Asia,,902,,934,,,,,1517,1502,,,
,"   China, Hong Kong SAR*",10,344,HKG,4,Country/Area,906,900,906,Eastern Asia,,,"1832,0",Eastern and South-Eastern Asia,935,Asia,,902,,934,,,,1503,,,,,
,"   China, Macao SAR*",11,446,MAC,4,Country/Area,906,900,906,Eastern Asia,,,"1832,0",Eastern and South-Eastern Asia,935,Asia,,902,,934,,,,1503,,,,,
,"   China, Taiwan Province of China*",12,158,TWN,4,Country/Area,906,900,906,Eastern Asia,,,"1832,0",Eastern and South-Eastern Asia,935,Asia,,902,,934,,,,1503,,,,,
,   Dem. People's Republic of Korea,,408,PRK,4,Country/Area,906,900,906,Eastern Asia,,,"1832,0",Eastern and South-Eastern Asia,935,Asia,,902,,934,948,,,,,,,1500,
,   Japan,,392,JPN,4,Country/Area,906,900,906,Eastern Asia,,,"1832,0",Eastern and South-Eastern Asia,935,Asia,901,,,,,,,1503,,,,,
,   Mongolia,,496,MNG,4,Country/Area,906,900,906,Eastern Asia,,,"1832,0",Eastern and South-Eastern Asia,935,Asia,,902,,934,948,1636,,,1517,,1501,,
,   Republic of Korea,,410,KOR,4,Country/Area,906,900,906,Eastern Asia,,,"1832,0",Eastern and South-Eastern Asia,935,Asia,,902,,934,948,,,1503,,,,,
,  South-Eastern Asia,,920,   ,3,Subregion,1832,,,,,,,,,,,,,,,,,,,,,,
,   Brunei Darussalam,,96,BRN,4,Country/Area,920,900,920,South-Eastern Asia,,,"1832,0",Eastern and South-Eastern Asia,935,Asia,,902,,934,948,,,1503,,,,,
,   Cambodia,,116,KHM,4,Country/Area,920,900,920,South-Eastern Asia,,,"1832,0",Eastern and South-Eastern Asia,935,Asia,,902,941,,948,,,,1517,,1501,,
,   Indonesia,,360,IDN,4,Country/Area,920,900,920,South-Eastern Asia,,,"1832,0",Eastern and South-Eastern Asia,935,Asia,,902,,934,948,,,,1517,1502,,,
,   Lao People's Democratic Republic,,418,LAO,4,Country/Area,920,900,920,South-Eastern Asia,,,"1832,0",Eastern and South-Eastern Asia,935,Asia,,902,941,,948,1636,,,1517,,1501,,
,   Malaysia*,13,458,MYS,4,Country/Area,920,900,920,South-Eastern Asia,,,"1832,0",Eastern and South-Eastern Asia,935,Asia,,902,,934,948,,,,1517,1502,,,
,   Myanmar,,104,MMR,4,Country/Area,920,900,920,South-Eastern Asia,,,"1832,0",Eastern and South-Eastern Asia,935,Asia,,902,941,,948,,,,1517,,1501,,
,   Philippines,,608,PHL,4,Country/Area,920,900,920,South-Eastern Asia,,,"1832,0",Eastern and South-Eastern Asia,935,Asia,,902,,934,948,,,,1517,,1501,,
,   Singapore,,702,SGP,4,Country/Area,920,900,920,South-Eastern Asia,,,"1832,0",Eastern and South-Eastern Asia,935,Asia,,902,,934,948,,1637,1503,,,,,
,   Thailand,,764,THA,4,Country/Area,920,900,920,South-Eastern Asia,,,"1832,0",Eastern and South-Eastern Asia,935,Asia,,902,,934,948,,,,1517,1502,,,
,   Timor-Leste,,626,TLS,4,Country/Area,920,900,920,South-Eastern Asia,,,"1832,0",Eastern and South-Eastern Asia,935,Asia,,902,941,,948,,1637,,1517,,1501,,
,   Viet Nam,,704,VNM,4,Country/Area,920,900,920,South-Eastern Asia,,,"1832,0",Eastern and South-Eastern Asia,935,Asia,,902,,934,948,,,,1517,,1501,,
,  Southern Asia,,5501,   ,3,Subregion,921,,,,,,,,,,,,,,,,,,,,,,
,   Afghanistan,,4,AFG,4,Country/Area,5501,900,5501,Southern Asia,,,"921,0",Central and Southern Asia,935,Asia,,902,941,,948,1636,,,,,,1500,
,   Bangladesh,,50,BGD,4,Country/Area,5501,900,5501,Southern Asia,,,"921,0",Central and Southern Asia,935,Asia,,902,941,,948,,,,1517,,1501,,
,   Bhutan,,64,BTN,4,Country/Area,5501,900,5501,Southern Asia,,,"921,0",Central and Southern Asia,935,Asia,,902,941,,948,1636,,,1517,,1501,,
,   India,,356,IND,4,Country/Area,5501,900,5501,Southern Asia,,,"921,0",Central and Southern Asia,935,Asia,,902,,934,948,,,,1517,,1501,,
,   Iran (Islamic Republic of),,364,IRN,4,Country/Area,5501,900,5501,Southern Asia,,,"921,0",Central and Southern Asia,935,Asia,,902,,934,948,,,,1517,1502,,,
,   Maldives,,462,MDV,4,Country/Area,5501,900,5501,Southern Asia,,,"921,0",Central and Southern Asia,935,Asia,,902,,934,948,,1637,,1517,1502,,,
,   Nepal,,524,NPL,4,Country/Area,5501,900,5501,Southern Asia,,,"921,0",Central and Southern Asia,935,Asia,,902,941,,948,1636,,,1517,,1501,,
,   Pakistan,,586,PAK,4,Country/Area,5501,900,5501,Southern Asia,,,"921,0",Central and Southern Asia,935,Asia,,902,,934,948,,,,1517,,1501,,
,   Sri Lanka,,144,LKA,4,Country/Area,5501,900,5501,Southern Asia,,,"921,0",Central and Southern Asia,935,Asia,,902,,934,948,,,,1517,,1501,,
,  Western Asia,,922,   ,3,Subregion,1833,,,,,,,,,,,,,,,,,,,,,,
,   Armenia,,51,ARM,4,Country/Area,922,900,922,Western Asia,,,"1833,0",Northern Africa and Western Asia,935,Asia,,902,,934,948,1636,,,1517,1502,,,
,   Azerbaijan*,5,31,AZE,4,Country/Area,922,900,922,Western Asia,,,"1833,0",Northern Africa and Western Asia,935,Asia,,902,,934,948,1636,,,1517,1502,,,
,   Bahrain,,48,BHR,4,Country/Area,922,900,922,Western Asia,,,"1833,0",Northern Africa and Western Asia,935,Asia,,902,,934,948,,1637,1503,,,,,
,   Cyprus*,6,196,CYP,4,Country/Area,922,900,922,Western Asia,,,"1833,0",Northern Africa and Western Asia,935,Asia,,902,,934,948,,,1503,,,,,
,   Georgia*,7,268,GEO,4,Country/Area,922,900,922,Western Asia,,,"1833,0",Northern Africa and Western Asia,935,Asia,,902,,934,948,,,,1517,1502,,,
,   Iraq,,368,IRQ,4,Country/Area,922,900,922,Western Asia,,,"1833,0",Northern Africa and Western Asia,935,Asia,,902,,934,948,,,,1517,1502,,,
,   Israel,,376,ISR,4,Country/Area,922,900,922,Western Asia,,,"1833,0",Northern Africa and Western Asia,935,Asia,,902,,934,948,,,1503,,,,,
,   Jordan,,400,JOR,4,Country/Area,922,900,922,Western Asia,,,"1833,0",Northern Africa and Western Asia,935,Asia,,902,,934,948,,,,1517,1502,,,
,   Kuwait,,414,KWT,4,Country/Area,922,900,922,Western Asia,,,"1833,0",Northern Africa and Western Asia,935,Asia,,902,,934,948,,,1503,,,,,
,   Lebanon,,422,LBN,4,Country/Area,922,900,922,Western Asia,,,"1833,0",Northern Africa and Western Asia,935,Asia,,902,,934,948,,,,1517,1502,,,
,   Oman,,512,OMN,4,Country/Area,922,900,922,Western Asia,,,"1833,0",Northern Africa and Western Asia,935,Asia,,902,,934,948,,,1503,,,,,
,   Qatar,,634,QAT,4,Country/Area,922,900,922,Western Asia,,,"1833,0",Northern Africa and Western Asia,935,Asia,,902,,934,948,,,1503,,,,,
,   Saudi Arabia,,682,SAU,4,Country/Area,922,900,922,Western Asia,,,"1833,0",Northern Africa and Western Asia,935,Asia,,902,,934,948,,,1503,,,,,
,   State of Palestine*,8,275,PSE,4,Country/Area,922,900,922,Western Asia,,,"1833,0",Northern Africa and Western Asia,935,Asia,,902,,934,948,,,,1517,,1501,,
,   Syrian Arab Republic,,760,SYR,4,Country/Area,922,900,922,Western Asia,,,"1833,0",Northern Africa and Western Asia,935,Asia,,902,,934,948,,,,,,,1500,
,   Turkey,,792,TUR,4,Country/Area,922,900,922,Western Asia,,,"1833,0",Northern Africa and Western Asia,935,Asia,,902,,934,948,,,,1517,1502,,,
,   United Arab Emirates,,784,ARE,4,Country/Area,922,900,922,Western Asia,,,"1833,0",Northern Africa and Western Asia,935,Asia,,902,,934,948,,,1503,,,,,
,   Yemen,,887,YEM,4,Country/Area,922,900,922,Western Asia,,,"1833,0",Northern Africa and Western Asia,935,Asia,,902,941,,948,,,,,,,1500,
, EUROPE,l,908,,2,Geographic region,1840,,,,,,,,,,,,,,,,,,,,,,
,  Eastern Europe,,923,   ,3,Subregion,917,,,,,,,,,,,,,,,,,,,,,,
,   Belarus,,112,BLR,4,Country/Area,923,900,923,Eastern Europe,917,Europe,"1829,0",Europe and Northern America,908,Europe,901,,,,,,,,1517,1502,,,
,   Bulgaria,,100,BGR,4,Country/Area,923,900,923,Eastern Europe,917,Europe,"1829,0",Europe and Northern America,908,Europe,901,,,,,,,,1517,1502,,,
,   Czechia,,203,CZE,4,Country/Area,923,900,923,Eastern Europe,917,Europe,"1829,0",Europe and Northern America,908,Europe,901,,,,,,,1503,,,,,
,   Hungary,,348,HUN,4,Country/Area,923,900,923,Eastern Europe,917,Europe,"1829,0",Europe and Northern America,908,Europe,901,,,,,,,1503,,,,,
,   Poland,,616,POL,4,Country/Area,923,900,923,Eastern Europe,917,Europe,"1829,0",Europe and Northern America,908,Europe,901,,,,,,,1503,,,,,
,   Republic of Moldova*,22,498,MDA,4,Country/Area,923,900,923,Eastern Europe,917,Europe,"1829,0",Europe and Northern America,908,Europe,901,,,,,1636,,,1517,,1501,,
,   Romania,,642,ROU,4,Country/Area,923,900,923,Eastern Europe,917,Europe,"1829,0",Europe and Northern America,908,Europe,901,,,,,,,1503,,,,,
,   Russian Federation,,643,RUS,4,Country/Area,923,900,923,Eastern Europe,917,Europe,"1829,0",Europe and Northern America,908,Europe,901,,,,,,,,1517,1502,,,
,   Slovakia,,703,SVK,4,Country/Area,923,900,923,Eastern Europe,917,Europe,"1829,0",Europe and Northern America,908,Europe,901,,,,,,,1503,,,,,
,   Ukraine*,23,804,UKR,4,Country/Area,923,900,923,Eastern Europe,917,Europe,"1829,0",Europe and Northern America,908,Europe,901,,,,,,,,1517,,1501,,
,  Northern Europe,,924,   ,3,Subregion,917,,,,,,,,,,,,,,,,,,,,,,
,   Channel Islands*,24,830,CHI,4,Country/Area,924,900,924,Northern Europe,917,Europe,"1829,0",Europe and Northern America,908,Europe,901,,,,,,,1503,,,,,
,   Denmark*,25,208,DNK,4,Country/Area,924,900,924,Northern Europe,917,Europe,"1829,0",Europe and Northern America,908,Europe,901,,,,,,,1503,,,,,
,   Estonia,,233,EST,4,Country/Area,924,900,924,Northern Europe,917,Europe,"1829,0",Europe and Northern America,908,Europe,901,,,,,,,1503,,,,,
,   Faroe Islands*,26,234,FRO,4,Country/Area,924,900,924,Northern Europe,917,Europe,"1829,0",Europe and Northern America,908,Europe,901,,,,,,,1503,,,,,
,   Finland*,27,246,FIN,4,Country/Area,924,900,924,Northern Europe,917,Europe,"1829,0",Europe and Northern America,908,Europe,901,,,,,,,1503,,,,,
,   Iceland,,352,ISL,4,Country/Area,924,900,924,Northern Europe,917,Europe,"1829,0",Europe and Northern America,908,Europe,901,,,,,,,1503,,,,,
,   Ireland,,372,IRL,4,Country/Area,924,900,924,Northern Europe,917,Europe,"1829,0",Europe and Northern America,908,Europe,901,,,,,,,1503,,,,,
,   Isle of Man*,14,833,IMN,4,Country/Area,924,900,924,Northern Europe,917,Europe,"1829,0",Europe and Northern America,908,Europe,901,,,,,,,1503,,,,,
,   Latvia,,428,LVA,4,Country/Area,924,900,924,Northern Europe,917,Europe,"1829,0",Europe and Northern America,908,Europe,901,,,,,,,1503,,,,,
,   Lithuania,,440,LTU,4,Country/Area,924,900,924,Northern Europe,917,Europe,"1829,0",Europe and Northern America,908,Europe,901,,,,,,,1503,,,,,
,   Norway*,28,578,NOR,4,Country/Area,924,900,924,Northern Europe,917,Europe,"1829,0",Europe and Northern America,908,Europe,901,,,,,,,1503,,,,,
,   Sweden,,752,SWE,4,Country/Area,924,900,924,Northern Europe,917,Europe,"1829,0",Europe and Northern America,908,Europe,901,,,,,,,1503,,,,,
,   United Kingdom*,29,826,GBR,4,Country/Area,924,900,924,Northern Europe,917,Europe,"1829,0",Europe and Northern America,908,Europe,901,,,,,,,1503,,,,,
,  Southern Europe,,925,   ,3,Subregion,917,,,,,,,,,,,,,,,,,,,,,,
,   Albania,,8,ALB,4,Country/Area,925,900,925,Southern Europe,917,Europe,"1829,0",Europe and Northern America,908,Europe,901,,,,,,,,1517,1502,,,
,   Andorra,,20,AND,4,Country/Area,925,900,925,Southern Europe,917,Europe,"1829,0",Europe and Northern America,908,Europe,901,,,,,,,1503,,,,,
,   Bosnia and Herzegovina,,70,BIH,4,Country/Area,925,900,925,Southern Europe,917,Europe,"1829,0",Europe and Northern America,908,Europe,901,,,,,,,,1517,1502,,,
,   Croatia,,191,HRV,4,Country/Area,925,900,925,Southern Europe,917,Europe,"1829,0",Europe and Northern America,908,Europe,901,,,,,,,1503,,,,,
,   Gibraltar*,14,292,GIB,4,Country/Area,925,900,925,Southern Europe,917,Europe,"1829,0",Europe and Northern America,908,Europe,901,,,,,,,1503,,,,,
,   Greece,,300,GRC,4,Country/Area,925,900,925,Southern Europe,917,Europe,"1829,0",Europe and Northern America,908,Europe,901,,,,,,,1503,,,,,
,   Holy See*,30,336,VAT,4,Country/Area,925,900,925,Southern Europe,917,Europe,"1829,0",Europe and Northern America,908,Europe,901,,,,,,,,,,,,1518
,   Italy,,380,ITA,4,Country/Area,925,900,925,Southern Europe,917,Europe,"1829,0",Europe and Northern America,908,Europe,901,,,,,,,1503,,,,,
,   Malta,,470,MLT,4,Country/Area,925,900,925,Southern Europe,917,Europe,"1829,0",Europe and Northern America,908,Europe,901,,,,,,,1503,,,,,
,   Montenegro,,499,MNE,4,Country/Area,925,900,925,Southern Europe,917,Europe,"1829,0",Europe and Northern America,908,Europe,901,,,,,,,,1517,1502,,,
,   North Macedonia,,807,MKD,4,Country/Area,925,900,925,Southern Europe,917,Europe,"1829,0",Europe and Northern America,908,Europe,901,,,,,1636,,,1517,1502,,,
,   Portugal,,620,PRT,4,Country/Area,925,900,925,Southern Europe,917,Europe,"1829,0",Europe and Northern America,908,Europe,901,,,,,,,1503,,,,,
,   San Marino,,674,SMR,4,Country/Area,925,900,925,Southern Europe,917,Europe,"1829,0",Europe and Northern America,908,Europe,901,,,,,,,1503,,,,,
,   Serbia*,31,688,SRB,4,Country/Area,925,900,925,Southern Europe,917,Europe,"1829,0",Europe and Northern America,908,Europe,901,,,,,,,,1517,1502,,,
,   Slovenia,,705,SVN,4,Country/Area,925,900,925,Southern Europe,917,Europe,"1829,0",Europe and Northern America,908,Europe,901,,,,,,,1503,,,,,
,   Spain*,32,724,ESP,4,Country/Area,925,900,925,Southern Europe,917,Europe,"1829,0",Europe and Northern America,908,Europe,901,,,,,,,1503,,,,,
,  Western Europe,,926,   ,3,Subregion,917,,,,,,,,,,,,,,,,,,,,,,
,   Austria,,40,AUT,4,Country/Area,926,900,926,Western Europe,917,Europe,"1829,0",Europe and Northern America,908,Europe,901,,,,,,,1503,,,,,
,   Belgium,,56,BEL,4,Country/Area,926,900,926,Western Europe,917,Europe,"1829,0",Europe and Northern America,908,Europe,901,,,,,,,1503,,,,,
,   France*,33,250,FRA,4,Country/Area,926,900,926,Western Europe,917,Europe,"1829,0",Europe and Northern America,908,Europe,901,,,,,,,1503,,,,,
,   Germany,,276,DEU,4,Country/Area,926,900,926,Western Europe,917,Europe,"1829,0",Europe and Northern America,908,Europe,901,,,,,,,1503,,,,,
,   Liechtenstein,,438,LIE,4,Country/Area,926,900,926,Western Europe,917,Europe,"1829,0",Europe and Northern America,908,Europe,901,,,,,,,1503,,,,,
,   Luxembourg,,442,LUX,4,Country/Area,926,900,926,Western Europe,917,Europe,"1829,0",Europe and Northern America,908,Europe,901,,,,,,,1503,,,,,
,   Monaco,,492,MCO,4,Country/Area,926,900,926,Western Europe,917,Europe,"1829,0",Europe and Northern America,908,Europe,901,,,,,,,1503,,,,,
,   Netherlands*,34,528,NLD,4,Country/Area,926,900,926,Western Europe,917,Europe,"1829,0",Europe and Northern America,908,Europe,901,,,,,,,1503,,,,,
,   Switzerland,,756,CHE,4,Country/Area,926,900,926,Western Europe,917,Europe,"1829,0",Europe and Northern America,908,Europe,901,,,,,,,1503,,,,,
, LATIN AMERICA AND THE CARIBBEAN,m,904,,2,Geographic region,1840,,,,,,,,,,,,,,,,,,,,,,
,  Caribbean,,915,   ,3,Subregion,1830,,,,,,,,,,,,,,,,,,,,,,
,   Anguilla*,14,660,AIA,4,Country/Area,915,900,915,Caribbean,,,"1830,0",Latin America and the Caribbean,904,Latin America and the Caribbean,,902,,934,948,,1637,,,,,,1518
,   Antigua and Barbuda,,28,ATG,4,Country/Area,915,900,915,Caribbean,,,"1830,0",Latin America and the Caribbean,904,Latin America and the Caribbean,,902,,934,948,,1637,1503,,,,,
,   Aruba*,15,533,ABW,4,Country/Area,915,900,915,Caribbean,,,"1830,0",Latin America and the Caribbean,904,Latin America and the Caribbean,,902,,934,948,,1637,1503,,,,,
,   Bahamas,,44,BHS,4,Country/Area,915,900,915,Caribbean,,,"1830,0",Latin America and the Caribbean,904,Latin America and the Caribbean,,902,,934,948,,1637,1503,,,,,
,   Barbados,,52,BRB,4,Country/Area,915,900,915,Caribbean,,,"1830,0",Latin America and the Caribbean,904,Latin America and the Caribbean,,902,,934,948,,1637,1503,,,,,
,"   Bonaire, Sint Eustatius and Saba*",15,535,BES,4,Country/Area,915,900,915,Caribbean,,,"1830,0",Latin America and the Caribbean,904,Latin America and the Caribbean,,902,,934,948,,,,,,,,1518
,   British Virgin Islands*,14,92,VGB,4,Country/Area,915,900,915,Caribbean,,,"1830,0",Latin America and the Caribbean,904,Latin America and the Caribbean,,902,,934,948,,1637,1503,,,,,
,   Cayman Islands*,14,136,CYM,4,Country/Area,915,900,915,Caribbean,,,"1830,0",Latin America and the Caribbean,904,Latin America and the Caribbean,,902,,934,948,,1637,1503,,,,,
,   Cuba,,192,CUB,4,Country/Area,915,900,915,Caribbean,,,"1830,0",Latin America and the Caribbean,904,Latin America and the Caribbean,,902,,934,948,,1637,,1517,1502,,,
,   Curaçao*,15,531,CUW,4,Country/Area,915,900,915,Caribbean,,,"1830,0",Latin America and the Caribbean,904,Latin America and the Caribbean,,902,,934,948,,1637,1503,,,,,
,   Dominica,,212,DMA,4,Country/Area,915,900,915,Caribbean,,,"1830,0",Latin America and the Caribbean,904,Latin America and the Caribbean,,902,,934,948,,1637,,1517,1502,,,
,   Dominican Republic,,214,DOM,4,Country/Area,915,900,915,Caribbean,,,"1830,0",Latin America and the Caribbean,904,Latin America and the Caribbean,,902,,934,948,,1637,,1517,1502,,,
,   Grenada,,308,GRD,4,Country/Area,915,900,915,Caribbean,,,"1830,0",Latin America and the Caribbean,904,Latin America and the Caribbean,,902,,934,948,,1637,,1517,1502,,,
,   Guadeloupe*,2,312,GLP,4,Country/Area,915,900,915,Caribbean,,,"1830,0",Latin America and the Caribbean,904,Latin America and the Caribbean,,902,,934,948,,1637,,,,,,1518
,   Haiti,,332,HTI,4,Country/Area,915,900,915,Caribbean,,,"1830,0",Latin America and the Caribbean,904,Latin America and the Caribbean,,902,941,,948,,1637,,,,,1500,
,   Jamaica,,388,JAM,4,Country/Area,915,900,915,Caribbean,,,"1830,0",Latin America and the Caribbean,904,Latin America and the Caribbean,,902,,934,948,,1637,,1517,1502,,,
,   Martinique*,2,474,MTQ,4,Country/Area,915,900,915,Caribbean,,,"1830,0",Latin America and the Caribbean,904,Latin America and the Caribbean,,902,,934,948,,1637,,,,,,1518
,   Montserrat*,14,500,MSR,4,Country/Area,915,900,915,Caribbean,,,"1830,0",Latin America and the Caribbean,904,Latin America and the Caribbean,,902,,934,948,,1637,,,,,,1518
,   Puerto Rico*,16,630,PRI,4,Country/Area,915,900,915,Caribbean,,,"1830,0",Latin America and the Caribbean,904,Latin America and the Caribbean,,902,,934,948,,1637,1503,,,,,
,   Saint Barthélemy*,2,652,BLM,4,Country/Area,915,900,915,Caribbean,,,"1830,0",Latin America and the Caribbean,904,Latin America and the Caribbean,,902,,934,948,,,,,,,,1518
,   Saint Kitts and Nevis,,659,KNA,4,Country/Area,915,900,915,Caribbean,,,"1830,0",Latin America and the Caribbean,904,Latin America and the Caribbean,,902,,934,948,,1637,1503,,,,,
,   Saint Lucia,,662,LCA,4,Country/Area,915,900,915,Caribbean,,,"1830,0",Latin America and the Caribbean,904,Latin America and the Caribbean,,902,,934,948,,1637,,1517,1502,,,
,   Saint Martin (French part)*,2,663,MAF,4,Country/Area,915,900,915,Caribbean,,,"1830,0",Latin America and the Caribbean,904,Latin America and the Caribbean,,902,,934,948,,,1503,,,,,
,   Saint Vincent and the Grenadines,,670,VCT,4,Country/Area,915,900,915,Caribbean,,,"1830,0",Latin America and the Caribbean,904,Latin America and the Caribbean,,902,,934,948,,1637,,1517,1502,,,
,   Sint Maarten (Dutch part)*,15,534,SXM,4,Country/Area,915,900,915,Caribbean,,,"1830,0",Latin America and the Caribbean,904,Latin America and the Caribbean,,902,,934,948,,1637,1503,,,,,
,   Trinidad and Tobago,,780,TTO,4,Country/Area,915,900,915,Caribbean,,,"1830,0",Latin America and the Caribbean,904,Latin America and the Caribbean,,902,,934,948,,1637,1503,,,,,
,   Turks and Caicos Islands*,14,796,TCA,4,Country/Area,915,900,915,Caribbean,,,"1830,0",Latin America and the Caribbean,904,Latin America and the Caribbean,,902,,934,948,,1637,1503,,,,,
,   United States Virgin Islands*,16,850,VIR,4,Country/Area,915,900,915,Caribbean,,,"1830,0",Latin America and the Caribbean,904,Latin America and the Caribbean,,902,,934,948,,1637,1503,,,,,
,  Central America,,916,   ,3,Subregion,1830,,,,,,,,,,,,,,,,,,,,,,
,   Belize,,84,BLZ,4,Country/Area,916,900,916,Central America,,,"1830,0",Latin America and the Caribbean,904,Latin America and the Caribbean,,902,,934,948,,1637,,1517,1502,,,
,   Costa Rica,,188,CRI,4,Country/Area,916,900,916,Central America,,,"1830,0",Latin America and the Caribbean,904,Latin America and the Caribbean,,902,,934,948,,,,1517,1502,,,
,   El Salvador,,222,SLV,4,Country/Area,916,900,916,Central America,,,"1830,0",Latin America and the Caribbean,904,Latin America and the Caribbean,,902,,934,948,,,,1517,,1501,,
,   Guatemala,,320,GTM,4,Country/Area,916,900,916,Central America,,,"1830,0",Latin America and the Caribbean,904,Latin America and the Caribbean,,902,,934,948,,,,1517,1502,,,
,   Honduras,,340,HND,4,Country/Area,916,900,916,Central America,,,"1830,0",Latin America and the Caribbean,904,Latin America and the Caribbean,,902,,934,948,,,,1517,,1501,,
,   Mexico,,484,MEX,4,Country/Area,916,900,916,Central America,,,"1830,0",Latin America and the Caribbean,904,Latin America and the Caribbean,,902,,934,948,,,,1517,1502,,,
,   Nicaragua,,558,NIC,4,Country/Area,916,900,916,Central America,,,"1830,0",Latin America and the Caribbean,904,Latin America and the Caribbean,,902,,934,948,,,,1517,,1501,,
,   Panama,,591,PAN,4,Country/Area,916,900,916,Central America,,,"1830,0",Latin America and the Caribbean,904,Latin America and the Caribbean,,902,,934,948,,,1503,,,,,
,  South America,,931,   ,3,Subregion,1830,,,,,,,,,,,,,,,,,,,,,,
,   Argentina,,32,ARG,4,Country/Area,931,900,931,South America,,,"1830,0",Latin America and the Caribbean,904,Latin America and the Caribbean,,902,,934,948,,,,1517,1502,,,
,   Bolivia (Plurinational State of),,68,BOL,4,Country/Area,931,900,931,South America,,,"1830,0",Latin America and the Caribbean,904,Latin America and the Caribbean,,902,,934,948,1636,,,1517,,1501,,
,   Brazil,,76,BRA,4,Country/Area,931,900,931,South America,,,"1830,0",Latin America and the Caribbean,904,Latin America and the Caribbean,,902,,934,948,,,,1517,1502,,,
,   Chile,,152,CHL,4,Country/Area,931,900,931,South America,,,"1830,0",Latin America and the Caribbean,904,Latin America and the Caribbean,,902,,934,948,,,1503,,,,,
,   Colombia,,170,COL,4,Country/Area,931,900,931,South America,,,"1830,0",Latin America and the Caribbean,904,Latin America and the Caribbean,,902,,934,948,,,,1517,1502,,,
,   Ecuador,,218,ECU,4,Country/Area,931,900,931,South America,,,"1830,0",Latin America and the Caribbean,904,Latin America and the Caribbean,,902,,934,948,,,,1517,1502,,,
,   Falkland Islands (Malvinas)*,17,238,FLK,4,Country/Area,931,900,931,South America,,,"1830,0",Latin America and the Caribbean,904,Latin America and the Caribbean,,902,,934,948,,,,,,,,1518
,   French Guiana*,2,254,GUF,4,Country/Area,931,900,931,South America,,,"1830,0",Latin America and the Caribbean,904,Latin America and the Caribbean,,902,,934,948,,,,,,,,1518
,   Guyana,,328,GUY,4,Country/Area,931,900,931,South America,,,"1830,0",Latin America and the Caribbean,904,Latin America and the Caribbean,,902,,934,948,,1637,,1517,1502,,,
,   Paraguay,,600,PRY,4,Country/Area,931,900,931,South America,,,"1830,0",Latin America and the Caribbean,904,Latin America and the Caribbean,,902,,934,948,1636,,,1517,1502,,,
,   Peru,,604,PER,4,Country/Area,931,900,931,South America,,,"1830,0",Latin America and the Caribbean,904,Latin America and the Caribbean,,902,,934,948,,,,1517,1502,,,
,   Suriname,,740,SUR,4,Country/Area,931,900,931,South America,,,"1830,0",Latin America and the Caribbean,904,Latin America and the Caribbean,,902,,934,948,,1637,,1517,1502,,,
,   Uruguay,,858,URY,4,Country/Area,931,900,931,South America,,,"1830,0",Latin America and the Caribbean,904,Latin America and the Caribbean,,902,,934,948,,,1503,,,,,
,   Venezuela (Bolivarian Republic of),,862,VEN,4,Country/Area,931,900,931,South America,,,"1830,0",Latin America and the Caribbean,904,Latin America and the Caribbean,,902,,934,948,,,,1517,1502,,,
, NORTHERN AMERICA,n,905,,2,Geographic region,1840,,,,,,,,,,,,,,,,,,,,,,
,   Bermuda*,14,60,BMU,4,Country/Area,918,900,,,918,Northern America,"1829,0",Europe and Northern America,905,Northern America,901,,,,,,1637,1503,,,,,
,   Canada,,124,CAN,4,Country/Area,918,900,,,918,Northern America,"1829,0",Europe and Northern America,905,Northern America,901,,,,,,,1503,,,,,
,   Greenland*,26,304,GRL,4,Country/Area,918,900,,,918,Northern America,"1829,0",Europe and Northern America,905,Northern America,901,,,,,,,1503,,,,,
,   Saint Pierre and Miquelon*,2,666,SPM,4,Country/Area,918,900,,,918,Northern America,"1829,0",Europe and Northern America,905,Northern America,901,,,,,,,,,,,,1518
,   United States of America*,35,840,USA,4,Country/Area,918,900,,,918,Northern America,"1829,0",Europe and Northern America,905,Northern America,901,,,,,,,1503,,,,,
, OCEANIA ,o,909,,2,Geographic region,1840,,,,,,,,,,,,,,,,,,,,,,
,  Australia and New Zealand,,927,   ,12,SDG region,1828,,,,,,,,,,,,,,,,,,,,,,
,   Australia*,18,36,AUS,4,Country/Area,927,900,927,Australia and New Zealand,,,"927,0",Australia and New Zealand,909,Oceania,901,,,,,,,1503,,,,,
,   New Zealand*,19,554,NZL,4,Country/Area,927,900,927,Australia and New Zealand,,,"927,0",Australia and New Zealand,909,Oceania,901,,,,,,,1503,,,,,
,  Melanesia,,928,   ,3,Subregion,1835,,,,,,,,,,,,,,,,,,,,,,
,   Fiji,,242,FJI,4,Country/Area,928,900,928,Melanesia,,,"1835,0",Oceania (excluding Australia and New Zealand),909,Oceania,,902,,934,948,,1637,,1517,1502,,,
,   New Caledonia*,2,540,NCL,4,Country/Area,928,900,928,Melanesia,,,"1835,0",Oceania (excluding Australia and New Zealand),909,Oceania,,902,,934,948,,1637,1503,,,,,
,   Papua New Guinea,,598,PNG,4,Country/Area,928,900,928,Melanesia,,,"1835,0",Oceania (excluding Australia and New Zealand),909,Oceania,,902,,934,948,,1637,,1517,,1501,,
,   Solomon Islands,,90,SLB,4,Country/Area,928,900,928,Melanesia,,,"1835,0",Oceania (excluding Australia and New Zealand),909,Oceania,,902,941,,948,,1637,,1517,,1501,,
,   Vanuatu,,548,VUT,4,Country/Area,928,900,928,Melanesia,,,"1835,0",Oceania (excluding Australia and New Zealand),909,Oceania,,902,941,,948,,1637,,1517,,1501,,
,  Micronesia,,954,   ,3,Subregion,1835,,,,,,,,,,,,,,,,,,,,,,
,   Guam*,16,316,GUM,4,Country/Area,954,900,954,Micronesia,,,"1835,0",Oceania (excluding Australia and New Zealand),909,Oceania,,902,,934,948,,1637,1503,,,,,
,   Kiribati,,296,KIR,4,Country/Area,954,900,954,Micronesia,,,"1835,0",Oceania (excluding Australia and New Zealand),909,Oceania,,902,941,,948,,1637,,1517,,1501,,
,   Marshall Islands,,584,MHL,4,Country/Area,954,900,954,Micronesia,,,"1835,0",Oceania (excluding Australia and New Zealand),909,Oceania,,902,,934,948,,1637,,1517,1502,,,
,   Micronesia (Fed. States of),,583,FSM,4,Country/Area,954,900,954,Micronesia,,,"1835,0",Oceania (excluding Australia and New Zealand),909,Oceania,,902,,934,948,,1637,,1517,,1501,,
,   Nauru,,520,NRU,4,Country/Area,954,900,954,Micronesia,,,"1835,0",Oceania (excluding Australia and New Zealand),909,Oceania,,902,,934,948,,1637,1503,,,,,
,   Northern Mariana Islands*,16,580,MNP,4,Country/Area,954,900,954,Micronesia,,,"1835,0",Oceania (excluding Australia and New Zealand),909,Oceania,,902,,934,948,,1637,1503,,,,,
,   Palau,,585,PLW,4,Country/Area,954,900,954,Micronesia,,,"1835,0",Oceania (excluding Australia and New Zealand),909,Oceania,,902,,934,948,,1637,1503,,,,,
,  Polynesia*,20,957,   ,3,Subregion,1835,,,,,,,0,,,,,,,,,,,,,,,
,   American Samoa*,16,16,ASM,4,Country/Area,957,900,957,Polynesia,,,"1835,0",Oceania (excluding Australia and New Zealand),909,Oceania,,902,,934,948,,1637,,1517,1502,,,
,   Cook Islands*,21,184,COK,4,Country/Area,957,900,957,Polynesia,,,"1835,0",Oceania (excluding Australia and New Zealand),909,Oceania,,902,,934,948,,1637,,,,,,1518
,   French Polynesia*,2,258,PYF,4,Country/Area,957,900,957,Polynesia,,,"1835,0",Oceania (excluding Australia and New Zealand),909,Oceania,,902,,934,948,,1637,1503,,,,,
,   Niue*,21,570,NIU,4,Country/Area,957,900,957,Polynesia,,,"1835,0",Oceania (excluding Australia and New Zealand),909,Oceania,,902,,934,948,,1637,,,,,,1518
,   Samoa,,882,WSM,4,Country/Area,957,900,957,Polynesia,,,"1835,0",Oceania (excluding Australia and New Zealand),909,Oceania,,902,,934,948,,1637,,1517,1502,,,
,   Tokelau*,21,772,TKL,4,Country/Area,957,900,957,Polynesia,,,"1835,0",Oceania (excluding Australia and New Zealand),909,Oceania,,902,,934,948,,,,,,,,1518
,   Tonga,,776,TON,4,Country/Area,957,900,957,Polynesia,,,"1835,0",Oceania (excluding Australia and New Zealand),909,Oceania,,902,,934,948,,1637,,1517,1502,,,
,   Tuvalu,,798,TUV,4,Country/Area,957,900,957,Polynesia,,,"1835,0",Oceania (excluding Australia and New Zealand),909,Oceania,,902,941,,948,,1637,,1517,1502,,,
,   Wallis and Futuna Islands*,2,876,WLF,4,Country/Area,957,900,957,Polynesia,,,"1835,0",Oceania (excluding Australia and New Zealand),909,Oceania,,902,,934,948,,,,,,,,1518
